,transcript
"Good morning.Good morning.
"A new day with Çağla, I Good morning to everyone.
"Welcome to Fox on Thursday, Wednesday, Wednesday, and of course we have found our topic Professor Doctor Osman Hello, thank God everything is on the way to home care Özgün Altay and Eda Özülkü'nun questions will answer the questions.
"Then we have compiled the questions from you.We will be conveying to our teacher and we will be receiving their answers.
"Today's topic is very important, especially for women, of course, very important menopause will speak today with our teacher with our teacher early menopause dangerous menopause is possible to delay what is the menopause test?
You've always heard the sound of the brain so far, but after today, menopause, that is, menopause brain relationship between menopause memory relationship we will be talking about the relationship between brain sound and menopause when we will look at what a relationship between menopause hormone treatment for hormone treatment"
"We will be seeing to see if not seeing cancer.
"Dear Özge Şahin in our kitchen.
"Today, the economic kitchen flavor is in our corner which food we have.
"Günaydın mentioned automotive potatoes last week.
"We will make a little potato soup called a little potato.
"Because there will be a very economical soup.
"I will add a flavoring mother health with leek
".We'il make crack potatoes.I have added a little so popular to these children's heads in recent years.
"If it comes out that much, and you know in the baked runway"
"Turmeric cumin will be delicious.
"And I worked for a little bit of potatoes again today.
"Maybe we love it very much, but we always run away because my teacher will make a great potato croquette with 2 materials today.
"Yes, I looked at the bakery, so I looked at the eyes of a little potato.
"Because he doesn't want that much fertilizer.There are not many additives.
"Efe will also make a chips from the shell.
"First we will keep it in a carbonated water.
"I have to clean it very well.Of course, when you get there today, remember how to make healthy frying?
"Let's talk again, both frying and health would come together today we will explain the secrets today."
"We are waiting for excitement, but before that, let's take the question of our teacher Evrim Akın, who was a guest for us recently.
"Does Omega make 3 pounds?
"I bought him next to Omega 3.
"Take this in general whether we can add a question that we can add a question if you want to open any reinforcement, but used for reinforcement.
"Emir'i Vitamin D B12 you already closed the moment for body cookery.
"When you put it in place, İsmihan returns to normal."
"You do not exaggerate your strength in any way to exaggerate.
"Since both the moment and the side fish oil are opened at work VAREX No, but in fish oil, it is not only omega 3, but it contains vitamin D and vitamin A, of course, what can it help to draw the physical functions of the children, especially the elderly people who fulfill their feeding?
"According to him, 3 pounds of weight and 1 capsule according to him that the largest of the three highest pressure can contain only 10 calories, ie an olive grain, so one olive a day by eating an olive a day, how to get out of the day by swallowing the possibility of weight gain or do not risk profile prof."
"Hello everyone dear health publications Osman teacher hello.
"Good years again, 2023 is a good year.
"I have a question for all of us.
"As you know, everyone is traveling sick.
"We also affect.
"Of course, our singers are affected.
"When we get sick, we have to.In order to be protected from these diseases, of course I know that the immune system needs to be strong.
"Vitamin D vitamin C is probiotics or something, you all strengthen them a little, but are there any other things that can be paid?
"It may be related to our nutrition or supplements and relevant supplements.This is valuable illness"
"What do we need to do in the name of Fitre?
"It is not possible once we are mixing something.
"Cagla immune system is strong with our finger that will enter our nose through our mouths, we are stuck cold food in our body.
"I am stronger for a minute that gives a germ, you cannot enter it like a brother.
"I had a fellow countryman and the guards could not provide a method.
"For this reason, we will still pay attention to the fact that it is important to take the mistakes that will risk this system rather than strengthening our immune system.
"We will pay attention to sterilization and disinfection we will pay attention to as much as masked.Features you in environments."
"This artist will tell my brother after saying that I do not matter in the last 3 weeks, isn't it important?
"Yes, I had to help the artist who recognized a lot.
"A very big problem here, I think it has a very nice pass, I have to make a call here again.
"The Minister of Health and the Minister of National Education currently have a serious flu epidemic.
"If the Çağla brings it up a little later, but I'll go a little early.I die in some countries, for example, in Belgium, the influenza epidemic state officially announced that the state officially said.
"Citizens are currently not announced in our current flu, even if the flu cold rsv virus is intertwined, even a business cocktail, or as you say mixed with a structuring you want a great problem in children, especially in the sky, or the back of the sky, or turns around the arm."
"The main source of children know this children and schools, and therefore in most schools are closed, and why are you in the case of education in most schools, so do you look at the message of our Minister of National Education?
"The necessity of distributing free masks from the moment it enters the school for at least 3 weeks for at least 3 weeks should be performed in political 2 school corridors.
"If the driver is home, they have to bring the task in the service to the hostess.
"If we apply it for 3 weeks, we cut it on Tuesday, we cut it seriously, the disease is good.
"But we no longer be and if we apply for 3 weeks"
"10 of the month is almost almost and we've caught the beginning of February.
"If my income is one and a half months of the risk, first of all, he knows that my brother says what we have learned everything.
"We really said we really have to do what you don't actually do.
"Swallowing pills to swallow reinforcement in the issue of only strengthens the immunity Messi'nin sleep is not good immunity is not strong intense alcohol consumes intense alcohol.If you smoke, your immunity will not be strong.
"If you are under stress, the immunity is pleasant, but if you do not activate your body if you do not exercise enough, you will not be unique.
"If you eat enough balanced adequate nutrition if you are strong, so do it in general, do it with these takbirs that comes with these takbirs, if your immunity is weak, if the probiotic is weak, if the probiotic is weak, you use vitamin C and your immunity"
"If it has lost you, I don't know what to use kefir to use immune support, but what do we read?
"You exercise regularly.What a huge belly shrinking is quite a job.
"I'm doing news propolis, sugar.Naughty at all.Sorry, as you just said before stealing, there are currents in European countries at the moment.
"The first principle that our teacher said was already officially declared the influenza epidemic.
"The Covid-19 You card in hospitals with others was also given the flu alarm in Greece.
"The number of weekly cases may rise to 350 thousand.
"In Greece, where there is a significant increase in flu cases with the cooling of the weather, experts are warned that the weekly cases can reach almost 350 thousand."
"All the teachers I talked to the diseases teachers have already given this alarm.
"Children's emergencies are filled with meat or schools are in disaster, and polyclinics are waiting for one and a half two children for examination.
"In a high fire, the other brother to the other brother, the grandmother, the mother again wandered like the other brother Ping -pong ball, the only way in the house for a short time again for 3 weeks if possible, 4 weeks distance from the mask once you remembered once.
"Altay Dear Altay has a question.
"Let's take it too, I wish permanent hello good programs, teacher, my teacher, my question"
"Yes, my store containing water lime or oil or lime oil mixture of clots to be a significant piece of pieces that will break from here more than a small vein at the end of your brain FC can lead to a crisis in your heart.
"You can spend a side party.
"You can be paralyzed.
"Think of it as a building of the plaque illegal construction activities time on the record that plate today 40 %of your palate shrinking on your palate 3 years after 164 years after 164 years, 170 of the broom time, which dr cardiologist wears better stand which heart surgeon is doing better bypass you start to walk around..However, from the moment the record was determined"
"Yaren Anti-Plaque organization of a plaque stabilization, so if you take the issue as a whole, your job is very easy, so the easiest way to be my teacher rice is a special risk group of people who have passed through a plaque screening of those risk group who said that those who are a hub.
"Diabetic patients with hypertension cholesterol balanced good cholesterol is very low 30 25 25 35, such as bad cholesterol very high 150-160, such as thyroid height of those who have early departments of their families, early heart attacks and early honeycombs if they need to pass the plaque scan?
"This is very simple, you think this will collect the sketch with a very simple dopples."
"The microphone walks that microphone while walking the thickness of your vessel wall, even the thickness of the inner surface of the vessel, we cut the thickness of the vessel is the best awp ilhan lime or hard -like stinking is a oily plaque is taken.We call it determined or undecided.Can we say clean?
"Otherwise, there is something here if there is nothing in our bodies.
"But we say ninety percent close to me.Why is there no job?
"Let me try to explain it with a very simple example.
"If the analogy is incorrect, the vein expert cardiologists and vascular surgeons ablution in ablution now if I do not make a plaque in the vein, so the water entering your home is too hds most of the water in your home with the taps and pipes?
"Why does R1 use the most water there in the second bathroom in the kitchen"
"The substances in the blood that uses the most blood in our body there are the most affected and therefore we have 2 newborn organs to make the most plaque.
"One is the rest of the heart that comes after him, our feet, our kidney vessels and so on, but these two are very important, for example, for example, our brain as a total of almost 50 of our body weight has one and a half kilos maximum weight.
"It uses thirty percent of oxygen's sugar and other nutrients.
"Indeed, if there are many sugar in that substance if you have their own plaque -making problems before the brain vessels, ie the jugular vessel can show it then cardiac vessels at the same time if you ask me if you ask me the record here there is no other way out of the net?
"Motion is a simple cheap test right now, there is a blood in blood hs CRP test so you know you always have a more so"
"If you have a chronic inflammation, the plaque will inflammation on the vessel wall.
"CRP level increases.Ceyhan Rize Sunday is much more special of this Hatay Sam line CRP Sensitive High Sensitive High Sensitive CRP test If your level is between 1 and 3, if your moderate risk was higher than 3, do you have a click in terms of plaque.
"PL-C test read for the possibility of Cagla Money Plaque Test T I'm afraid I'm afraid Sunday Lüleburgaz Ankara Ceyhan I am waiting in the blood.
"If you are less than 400, you have a moderate risk of 300 600.
"Why did we understand over 600 height churches so far?
"I have a record or no or the risk is high or not now I will come, darling"
"Don't throw my brother.
"What will we do if there is reply?
"We will organize an anti-plain without stopping our sugar.Oh carefully take the sugar half of our half of 5.7 monthly average after that.If possible, we have opened under 5 waterfalls, our sugar is not enough.You will go to your 3 -month average below five aprits.
"2 You will reduce your triger voice below 100.
"You will balance our branches.
"For LDL cholesterol, you will surely go to the range of 80-100 ETD34 you will put new habits in your life you will eat new habits.
"You will stay away from animal oils.You will move to a new diet of vegetable -weighted plant -weighted nebahat and you will not like the final decision, but if there is a plaque, you will definitely use the bay process.
"You will use it if cholesterol is high.
"Here always these mis -written nets."
"It has an advantage.
"It has brought a very important point to using cholesterol pills.
"I am very happy to talk.
"Cholesterol pills in the age only cholesterol statins.
"It does not block the plaque because it lowering cholesterol.Cholesterol pills stabilize plaques.So you said instaible that is undecided.
"Oil plaques that are likely to break, the problem of the problem of the plaques, the Aydede vessel wall, so that I am a lie to me that makes a big mistake for me.Cagla 2. Koy processes never use those who say to use a person sharp KT1 when it is at this point.There has not been a record that has not been formed.As soon as he sees someone who has a 30 -year -old cholesterol 150, he doesn't make sense of stabbed because rice using the cholesterol pill"
"We don't have a data that manifests itself, but put it in one.Then, when we use it, he can protect that person after a heart attack from other cards and b.Thank you very much for this question.It was a tremendous question and if you eat such sausage sausage, if you consume a tail oil, you will press both the train and the gas of the car.Don't stop that car, you've changed life tailor on the one hand, you'll be finished after someone but I want to put less if you know the drug if you know if you know that you will take a tighter precautions to your lifestyle, then why people made with people."
"What will you do if my stomach is bleeding in my stomach, my heart, you'll eat my blood?Why are you lying?There is a danger, so you can recommend that you can prevail, you drink an aspirin in the intestine.My stomach cannot bleed.Why should it be to reduce these side effects of drugs?Let me tell him first.What was the name of our body's energy production stations now?And will you throw it to me?Mitochondria energy and nutrients are indispensable.One of the fuels Koenzyim Q10 Koenzyim Q10 so I have explained many times in the book studio.Okay, but now it stops the production of choleston by blocking it, but I said the name of Izmir.It becomes long and confusing, but we need to know the same neck coenzyme Q10."
"So we use the same insemination both cholesterol.We also use coenzymes.If we use cholesterol medicine for any reason, the name of the bay begins to decrease while the cholesterol is extended.Therefore, patient mitochondria functions deteriorate.Muscle melting begins.Coenzyme is decreasing in our brain.Forgetfulness begins.That's why we're starting to fall tired for him.Therefore, we face other side effects.But for some reason, even though it is shown in many researches, if you still do not allow the patients they give to the patients they give to the patients they give to the patients they give to the patients, but my principle is an antibiotic probiotic year ago when you say that people are applying me now in the silver.Let me throw a sound in the form of a sheep name list 30 milligrams"
"If you allow 30 milligrams, this will reduce it seriously.Cholesterol pills 
"I had good heart books in thickness of such bricks about these heart diseases.
"One of the deceased Ahmet Soner's cardiology book is no sound brother and lore in the knee in the heart of the heart also looked at both of a human heart attack when an average life of infarction 7 years today 20 years passed 37, although the crisis passed the crisis stadium stadium stadiumIf you start, they don't go after 7-8 years.Nobody is a harm of these pills"
"They should not say that they should not use.Especially if there is no cardio.
"Thank you.
"Eda Özülkü now has opened or you know that many people are trying to do my big problems I am using blood pressure medication and blood pressure in people with this 16 hours of hunger should be done, or do you have any drawbacks?
"You are always telling us to talk useful for who.When to provide useful to everyone, after a place that will summarize from forty, who I drink, especially for those who have name resistance after 50, for diabetic patients"
"Cardiovascular patient patients are also candidates for those who do sugar cholesterol balance, but who does it, especially over 50 years of age, to pass in front of the Turkish Chop more than 14 hours of the day if possible 16 hours of 16 hours of calorie source of food to the food without taking anything in the body to regulate many things in the body.
"Your life life improves our quality of life.
"I have recently written a new benefit of this very clear and clear.
"Maybe we are talking if there is an opportunity, but also the name of the new youth, how the name of the two meals at the level of two meals 16-18 probably increases the summary in the age of ages.
"So exercising is now increasing the name of 2 games.
"Weighing cold hot applications can certainly do."
"But what's important here is that everyone does not do that.
"There is no obligation, but the general condition of diabetics using insulin is impaired.
"Organ failure dialysis patients are not right to play football.
"Thank you.
"According to the World Happiness Report, the happiest people of the world live in Scandinavian countries.
"In the final, he frequently ranked first among them.
"In the plan, Frank Martin said that they were happy by not doing it, not by making themselves happy with others.It's not easy."
"It is easy to understand, but it is easy to understand the happiness of the salt of the hometown of the richest country in the world, as well as a nursing home, like the sauce.The most common depression in the world is the most common depression and suicide is seen in these countries.
"Can a man happy to see the Sun Sun?Never mind 2 months, so if the money in your pocket makes you happy, okay, so it will enter them in the seas.
"There is no sea so that they do not have that much servants, so I think that this is a bit of a relative, unfortunately the world's most unhappy countries in the world live in this Middle East geography.
"He lives in South America.
"The main reason for African is the lack of education lack of economy, but when you look at it in terms of social relations, he maps happiness.
"If you watch it, teacher is number one"
"Tell me that there is spirituality and here.
"So make yourself a comparison with others.
"You who do not think that the chimney in Finland took it to the eyebrows, one or two thousand dollars we are not able to 10 thousand dollars.
"I am in contradiction that you are a little gratitude that they are the office education research, and according to the results of a research, we breathe the most dirty atmosphere of the last 1 year.Dear followers West of Bursa and Manisa is the most dirty atmosphere of the last 1 year?Unfortunately, in these regions, unfortunately, up to 4 times the threshold value of the World Health Organization.
"Experts High Pressure and Fog"
"He says that the stagnant air in recent days has increased the pollutants.
"So 10 degrees 13 degrees to us traffic congestion in big cities, so my names do not go home.
"1 hour 15 minutes in the evening 5 tell me 1 hour and 15 minutes on the street you spend the windows for the leftist on the street.We should not have oxygen and carbon dioxide from the left to the right.
"There is no substance.In other words, with many exhausts, including a lot of carcinogens going through respiratory, but not only experts, but also because of many air pollution, but we will talk a little more in the coming days, we will now talk at least as much as the outdoor air pollution in traffic, we call my business partner.
"There are cameras in the room.There are lights dust, they were turning, they are returning bison."
"We will use new technologies that add moisture moisture to that air that cleans the particles in that area in an improper way.
"In fact, let's go to the zahide in the age of such a place that is now slowly in this room studios in the environment in the environments I absorb the particles and paste on the wall of paint technologies have begun to develop.
"So it changed the paints like that.
"No entrance, they say that there is no air pollution in environments.
"Cagla what else is electromagnetic pollution from the phones spread from the camera to the camera next to this ekrem magnetic pollution spread from room to room from the environment to the environment that tries to pass the technologies and wall paints began.
"It is a tremendous technology.
"Because two things are poisoning our lives.
"We're always going to replace it."
"You need to know what you are drinking in our belly but you are Venus.
"Question the cleaning of sea water very much, I told you about the micro plastic issue, did you get me a new water new?
"Almost noise comes like traffic noise.
"It means trouble with plastic in the water container.
"Immediately, the issue of micro plastic is important independence, but also poisoned the gold with air.
"How many will you give?
"We have a warning that we should talk to the age of very sure in the future.
"Today there are still people who use the pandema period.
"I did not go to the office today, but instead of working from home, but instead of going to the office of those who want to work out of the decision may want to review the result of a new research was announced.
"Those who spend time at home"
"It turned out that the mental and physical health of those traveling to take out the office is better.
"It is said that scientists from the permanent London, who perform the study, are more prone to interviewing friends with friends and also to explore new places.
"More social because one of our spiritual health shared with other people.
"We are happy to share the connections in your connected emotional shares, but even when we share their sorrows, we experience the spiritual relaxation of the happiness of the happiness we give in that share.
"There's something long before.Our mental burden does not increase with only work from home.
"Hobidi larynx that we eat Hamit at home at home, because you read it if you work from home.
"Yes, physical obesity, along with mental obesity, has been a significant increase in working from this house in physical obesity."
"Inactivity has slowed down the new medicine observed the American Food and Drug Administration.
"We would share them all.
"I hope it will be approved and we hear from here to you that day.
"The American Food and Drug Administration approved for use.
"Drug memory and thinking is shown as the first example of the species that shows that you can gradually beat the weakening.
"They have currently reported that the drug will be prescribed to patients with mild or early stages of the disease.
"However, experts also think that it will take a few months to delay the cognitive corruption of the drug.
"After all, it is important and worthy that it enables us to take an important step in terms of the output story and the advantages it will bring in the struggle that is alzheimer."
"I cooked as a member of the Pharmaceutical License Commission.
"The importance of the drug industry in the last 2 years for 92002 years is very large and the most important thing of the drug industry to develop drugs for the unlucky and alzheimer's and memory problems that are more of a long life to give us one of the new age inventions of the new age in the new age inventions of the pharmaceutical industry.
"2200 W power 20 at the meeting you told me to give me 2023.
"2022 Importance This is health.
"Why did we have no job vaccine vaccine 2021-2022.
"If you know here, a substance that we call amyloid we call chicken proteins in our brain is accumulating in our brain, so it snowed in our brain with these drugs containing monoclonal antibody to clean the abdominal abdomen"
"He'll get more overtime.
"When you use this drug in alzheimer in the early period, a 27 percent cognitive healing is shaking 1/3 if we say AW130.
"It passes in 2-3 years.
"We look at the Blue God to a cauldron and then we look at it, but this drug has some side effects.
"Very new more than 2 faster beard received excavation licenses for the American Congress received serious criticism, but he made me a good time and crawling and hurrying up.
"Facebook is a license you process this with the advantages of this expensive very expensive, each new results, such as each technology, there are two important side effects that are very accurately diagnosed with Alzheimer's patients who decided that there is absolutely alzaymus because they need to be applied in patients who have decided that they are absolutely alzaymus.With the accumulated in this brain"
"Gökçe has reduced even in a research, so when you clean the chicken proteins that are commonly collapsed in your brain, the brain gains a function again when you clean.I am seriously cleaning there, but it's not clear.Because the drug has already been used in many studies.Can it be used continuously?The only one can earn me tightly.They need to investigate a little more.I look there.Çağla we mean that the point that could produce solutions for small dimor using monoclonal antibodies would come a lot after this very important.One of the most common issues that our teacher focused on was the brain foggy with my special closure.But you just appear in the brain.Rather, he sees me too, but he sees me for a different reason, today menopause"
"We have a video question first.
"Let's take it and enter the subject.
"Hello, my teacher is dangerous for early menopause.Thanks, we know some of the negativities, teacher.Of course, bone resorption and so on fire or something, but today you will really draw attention to a different topic, but genetically with the conditions of life or what I know that it affects extreme sorrow for a period of time, but the genetic family mother aunt and so on we know that it plays a very big role in early menopause.Is it something?Is it delayed early menopause?Hormone supplement is also a big question, let's talk a little later, what is it before?Let's talk about why it is.Caglar now has average energy age, so women are the first menstrual menstrual menstruation, starting from the period they are adolescents to a certain period, the average is around 47 years of age 4547 in the world around 50 in the world"
"At that time, ovulation functions are now standing.Estrogen ovaries are self -esteem and does not want.The sooner this production shifts in order to maintain the functions that will produce two Özçoshaars to produce children to produce an egg that the egg will look at the function of the egg.If a woman enters menopause if it enters the menopause as soon as it passes after 43 years of age, we want it early menopause, but there are women entering menopause before.Because of ovarian failure, this premature menopause may say very, very early menopause.Turkish is now very sad that the woman is in a very early period, which is very upset that the woman has become very upset because the function of having children is eliminated for a woman who has not given birth to a child or not until then"
"It can lead to a sad result in terms of darkness.One aspect of this is the issue of children, but the decrease in the production of the woman that many problems yet 38 39 40 years of age starting to start something 50-51-52 years of age is something because it starts at the age of 50, then the average life of 85 years of age 35 years of age.45 stars will pass to menopause.You can also come with an uncontrolled anger crisis, but also with a serious confusion of a document.This can be called the sound of menopause in a way that we said very well before us.The ages said that the house talked about a spandem sound, we can talk about a menopause sound so how"
"If the cloth failure is enters the cheese system, thyroid hormone deficiency or renal failure pituitary failure hormone deficiency if the cheese system enters the system, what can the lack of self or the brain under fog?You are very hasty that the sound of this calendar is that women want a lot.Let me reinforce my teacher, but there are disadvantages.Now here, for example, Possess has not seen equal in every woman since this age.More things are more in women who are under pressure in women with more intellectual tendency in women who are more intellectual in women, even if they have entered the menopause on the one hand, on the one hand, the child alarming on the one hand, the bride and the groom is in a hurry of a 50 -year -old and 85 -year -old 85 -year -old"
"Luxury they are much easier to see the sound of menopause at 10, which is more easily seen in women, to be more frequently seen in women, to watch the reasons to respond to the reasons for more frequently.We bring negative discrimination.Let the painter get menopause due to menopause due to cardboard.In fact, premature menopause, whether ovarian failure, in a woman, the symptoms of menopause fog in a woman should develop some lifestyle changes and recommendations other than my brother to produce solutions only as a gynecologist or gynecolok.Caglar brother here we give the lack of estrogen let's give the oxygen a little bit of the question ends."
"There is a situation like this.
"Let me give you a clear figure, if you want, it was important in a very big research.
"You did not use any medication between the ages of 5040 or even 4069 in a woman who entered Çağla menopause.
"I have menopause as a menopausal woman who says that I will live without hormone support without hormone support, 69 years of age in 69 years of breast cancer.In 6 of 100 women, let me do so much good.Let me give him the support of my son's replasman hormone, then I will give him estrogen supplementation of the sleep problem sweats of sleep problem sweating.So it increases by 30 %."
"This means that the risk of breast cancer is increasing in one of every 50 women receiving hormone replacement treatment.Afterwards, it is necessary to discuss that hormone replacement therapy menopause as a disease as a drug treatment and come on.It's not the information if you want to go a little bit.Hormone replacement therapy here, how you prefer what hormones you prefer and what happened to the science that I have researched on long life and health, I said my field as my field, or in women who have aging problems, or all men are very serious research on this issue.aspect"
"This risk is higher if you say I will give your brother, which is stuck in classic menopause with both estrogen and progesterone."
"It is much higher every day, one project is increasing the number of patients with breast cancer when you always give me the last menopause.Menopause women think we should do it like this.Every day I would give me a sochem, I said the project is steron.It falls a little bit, only estrogen is too much.Well, then no, then the risk of ovarian cancer and uterine cancer explodes.Therefore, hormone treatment has investigated whether you have an effect on where you give the hormone to discuss your hat.If you want to assign it from him, paste the hormone in the form of tape, you know the cream shape can swallow in the form of pills.Whether you look or cream Serap are all the most dangerous way from the same boredom?I forgive the application into the vagina intravaginal hormone appropriate"
"You are the one, but he just shows the place there.Well.
"He solves the infection and so on.Because there is no interference with the blood to bring and minimizing your problem with a large amount of breast cancer will be done to come to the point that I will come with this age of course 38 -year -old menopause to enter a woman for a certain period of time if your mother does not have breast cancer in a separate mother can be considered my sister.But how often it is to follow how to follow a very good planning require a very good planning.So for what reason you will have mammography.How often you'll have Bravo to have breast ultrasound.You need to look and take into account the time.Because it shows something.Çağla wants his picture as the time of use is prolonged."
"My dear menopause issue is a very important period of women's life and I want to send a message from the esteemed ladies who follow us.Let the menopause read.Let them pay attention to the resources they read.Let them take good care of that the resources they read are not guiding.But you must go.Everything is very important for a woman in a menopause period, so how do I learn bone resorption, what can I prevent sweating?Menopause support is there a herbal support?I say which nutrients should answer questions such as what nutrients should sleep in menopause.Health is very important in your mouth, or when there is more to sit in our bodies, he knows whether they call cancer.Herbal estrogen resources work on how much do you do work?Shortly rest a little."
"I made up to 7.
"I got so interested.
"Of course, as a woman as a woman, I want to be a nightingale.
"In other words, this is a bad period of freedom in the Eastern culture in our culture in Central Asian culture in our culture has entered menopause.The woman is ripe.The mentor who gained experience in Anatolia, who had gained experience, had my childhood for this reason.Your curiosity in the small town is not so popular, it would not speak so much.My physique is a physiological physiological in the age, you have to think like this."
"It guarantees you to provide energy for other functions of our own body.You can think of it as a donated period for him.Trio women's bones are starting to empty.But there is a solution to the solution we need to know all of this.Very really incredible 55 60 s 65 years amazing great yes we see the potato soup we see one left.Because I said to Merve that I would send an example for the sake of God.I said I'm going to tell him anyway
"Çağla will come home from Milliof.
"The economic cuisine of the week is a very easy soup in fact, I actually put some amulet.
"I really like you.
"November tells the potatoes he gave home the number of things that suits a little bit of a little bit of a broth after turning this wonderful all organ potato now let's put the juice.
"Potato will roast literature.
"After giving the onion juice, the soup is now very easy to rocket to Beytullah, isn't it very nice that I eat you too?Crush the potatoes you know this boiled potatoes by removing their shells thoroughly"
"We add rice flour into a little black pepper.
"So make you a dough with him a little.
"You know, the pasta is made or the potatoes are turning to something like Nokia.
"It is a nice dough that we made recipes said my teacher potatoes twitter I say a little.I will make potato beautification, but let me tell you a contribution to the soup.
"Something that suits the soup carrot potato 2 here with turmeric black pepper."
"How did he get angry that he could do in Sunday breakfasts that would love?
"It doesn't, but so you don't see it so little.
"You know, frying in deep oil, even if the new oil is a new oil, even if it is a long -term meatballs by increasing the heat in the pan, for example, it is not harmful to fry next to it, but you ask me that question.Ask a little later, do you have healthy ways to fry, but once you choose one of the most important things you will do for frying, if you choose or frying or frying work, or olive oil on top of your guarantee is higher especially infiltration butter is more infiltrated olive oil because we want to smoke in oils.There is 1 degree.How much load"
"The possibility of becoming a carcinogenic from the transformation of trans fat development from being or yaa or trans fat, the smoke series of olive oil is around 200 degrees between 150-200.According to the structure of olive oil, two important things you will pay attention to here is that the women love very much and did a similar one here?Dear brother to associate vegetables with flour to associate with him, for example, frying after this year, 20 times more calories or increases when you do so and the possibility of being carcinogenic so much so that you will not find him as much as possible from the girls as much as possible here by increasing the ratio of starching ratioThere is something to increase and something like that, so that he has a little hair that he has trouble and let it be scattered."
"Here too, the potato problem is a little loose.He thinks he'il come to the same point.Here 3 important things are a very important point in the frying issue, let me tell you what you fry into as small pieces as possible, in the deep container, or really inserting it into high heat or inserting it, or a murder of a murder of a murder of sugar, but smoke as possible.Those matches and fumes come out then leave that food smoke can even delete lung cancer can make the smoke from the fried ground cancer from the fried ground cancer contains aromatic hydrocarbons that contains aromatic hydrocarbons that is very dangerous when you make a big piece of new piece suddenly when you make a new piece of small parts suddenly hard."
"With high heat, the beliefs inside and delicious, but frying if something is very fashionable and is a very right mordidoğan if you make friday you will fight the air with air.We will bring your oil.You want to get rid of all the old calories of the old calorogen, let me tell you one more thing, the biggest risk that can be done in the frying frying oven is our ladies and my ladies are a little bit of my arm and a lot of things that do the oil again again without using the oil again or frying a maximum of 2 times.I will do or turmeric a little black pepper"
"1 August Red Pepper What do you make this sauce?Look, the potatoes mix a little rosemary like that.Yes, I stay in the potatoes.Then I will put it here by draining and add something slightly.It won't be too much, but I'm putting it.At the same time, I'm paying attention to the arrival of shallot onions with this ball.It is very nice, but as I said, we do it with olive oil.No problem with the question of the child frying process and let me guess the hips in the oven will not exceed 15-20 minutes, but the most here is potato beautification potato screen photo"
"The reason I wanted it to show her special.Potatoes are more important than we think Osman Hoca says, or often here in a small and essential load slightly costly load of heavy food load too much ages once in the shell once before I liked these beautiful shells.When you clean well, I like a tremendous mineral and vitamin that I like the door while I am boiling potatoes, but you should pay attention to pay attention.Potassium is at least as valuable as bananas.Sorry potatoes make a sentence as valuable as ice.Importance is a vitamin B6 store and a lot in our country.From him our purple potatoes we call an anthocyanin storage that you said purple miracle memory friendship at Dos Santos was again very rich."
"There is a very high vitamin E.We can talk about other useful things at a very high rate.He continues his hand one day.Soon we talked to our teacher.More precisely, this menopause will be very long before and today we will not be enough.So next week, the nutrition in menopause is which oil and what seeds we will eat what?We transferred them to the next week in detail and said that our teacher wanted to answer.Especially on a new day on our social media account, please write as many questions as you want under your photo with our teacher.Next week, I bought it last week like questions this week will write next week I will be asking your questions I say I immediately take a look at the potato cracking work I was wondering how?"
"It is fine in rockets.
"I continue to make beautiful girls on the roads on the roads yes, in the meantime, I was toast with shallots.The remaining rains said to my bosom.
"You buy a glass and the glasses crack on boiled potatoes.The purpose here is that the potatoes are better flushed and eaten with the shell so far away.
"You walk around and then throw it into a 200 degree oven.Are you writing the onions, where is the onion?
"I am at home?
"I'm not traveling.
"I'm just writing potatoes.
"This should be low boiled potatoes
".Of course, of course, the meatball potato cracking potato stainee called goat because I thought that there are much more protein than us in certainly 2 balls Russia and newly published in front of me.If Potato"
"If you do not make a mistake such as frying in the lighter oil, both for passing through the stomach because it empties the stomach late due to the length of the toughing time, and if you have a shame of potatoes for high glycemic load for high diabetes, a tremendous cheap health support economic fake is how to extend the potato.Insulin resistance dissolves the mileage.Very easy to add the yogurts with the meat with meat with the new ie new, ie potato hot clothing coat coat cold just like pasta, not hot if you eat cold if you eat the digestible starch part significantly reduced the importance of the importance and potato starch in the cheapest of potatoes.and the gluten -free one"
"Let's not read like a natural miracle dog that patients can prefer by Gülten Clans.
Yes, let's not bother.After dinner, we have a problem to see if the need for sleep can be a sign of insulin resistance.For the fastest coming and the most food consumed for socialization is considered to be a moderate place, a lot of food consumed, etc. so much starch in the consumption, if you have carbohydrates if there is sugar flour if you apply the wood sign, but if you eat a meal quickly and quicklyAfter dinner, such a cover is mixed with slightly liked your future"
"If you feel your sleep, go now.
"In addition, insulin resistance test.
"Tomorrow water 1 cup yogurt in no way when deleted the application, but at dinner if you start to eat until you eat the bread in your hand, and Hüseyin Çetin behind behind such a carbohydrate pasta or something, of course, a highly storm in front of the stormExploding insulin and falling sugar thoughts are carried to the use of the use of immunity to reduce the use of antibiotic antibiotic because the probiotic bacterium in the intestine is thrown on your ass."
"So I said black from above.As long as you give it to the mouth, we need to consider an antibiotic probiotic systematic in children and the elderly.Does it help to lose weight?If you don't have an egg kinder egg job for whom is it, it's not someone who's very dirty.I'm fine with your love.Especially after the 40s, the new is not necessarily for weight control.Because the egg is full because it keeps it satiated.Yes, carbohydrate content is very high because the box content is very high.This is certain, but at the same time, the color of the college in the water in the water in the water in the water of the College's coenz"
"Then a significant portion of the divorce bellows occur in patients with corrupt diabetics.Çağla is doing a cataract because diabetes is a cataract, but most importantly, retinal bleeding.Production, ie the eye, looks at the separation of the layer that makes us see what we want to see.At the same time, your sugar is changing your eye number, which hopes and jumps at 400200 a day.Bekir hyperopia is myopia, so you have to change your glasses number often 13 sugar already has a 4-b def enemy organ.Çağla Heart Kidney Eye and Nervous System So Bey"
"Let's think of my candies, let's think of my white sugar, I think your fructose.I think black and black.A question supplement is more or less good, but the best thing is my age.Magnesium Citrate particularly pay attention to your friend.There is one more thing you should pay attention to around 300 milligrams or handsome.If there are night cramps from the age, we will cover it after dinner and if there is uprising during the day, we will take it after breakfast in the morning.Whether you have the evening name or connected 1 hour after the dinner and you need to get the maximum benefit hungry fed how can they eliminate the deficiency of B12"
"They can have B12 needles, but at the same time, shit supplements or needles instead of juz B12 instead of cyanocobalanine instead of text cyanocobalamine or methylkobalamine, I recommend that they are methyylis B12.The active ingredient in all of them is acetic acid in the same age and all of them do not touch your stomach after dinner and if you drink 2 tablespoons of vinegar in the first half hour after eating, all of the morning sugar captures at least 1 percent decrease in the morning, but especially damages that can change small blood pressuremuch bigger yes, much larger little little young people in middle ages will do smaller blood pressure. What is kidney disease?"
"It leads to a kidney problems that you call very important hypertensive nephropathy.In isolated systolic blood pressure in the elderly, I say it very common.What do you mean that isolated systolic blood pressure 60 75 80 small blood pressure 8766, but large blood pressure 16 17 18 can cause brain hemorrhage.Vascular explosion isolated systolic isolated large blood pressure is small, while the larger is too high treatment.Drink the day.It also improves in cases.In other words, if the reason that puts you in a panic attack is temporary, you will receive panic attacks until you destroy that cause until that reason.What are the most suitable antidepressant panic attacks containing paroxetin?10 to 20 milligrams, but it is absolutely necessary, but again, food and family physician"
"Not with a psychologist for a psychiatrist.
"I insist on gold.
"Psychiatric specialist needs to be followed.
"Because the psychiatrist expert will start this age when to start or whether he will combine with another drug, and I am experiencing 11 psychotherapy and experiences my feelings.In other words, a psychiatrist to people, a psychiatrist, so suddenly I continue to Syrian.Does salt -free nutrition lose weight?And who pleasures the blood pressure, but it does not etemmez salt -free diet like that?Caglayan salt feeds the amount of salt at the moment you exaggerate the amount of salt or more exaggerate.For this reason, unpleasant salt -free sea is worthy of saltlessness is also a unpleasant truck so you don't like it too much, you don't like it, you don't like it, Oguzhan"
"Maide is a decrease in flavor, not salt.One of the most powerful anti -inflammatory anti -inflammatory spices is the number one turmeric turmeric powder is also more of the fresh Istanbul dust in Antep's yes.Keep in mind.If this is very important, mixed with black pepper in olive oil or butter a little more infiltrating a little bit of such soup to mix the dinner and bring daily recording in Buca, even if the possibility of inflammation will be minimized.Which inflammation beta microbi Acrobat Acrobat site inflammation, ie microbial inflammation?There is regular exercise in all research is shown as reinforcement that reduces air for uninhabitable."
"So which exercise my teacher is walking what fast my teacher 110 steps per minute minimum minimum 100 maximum 120
"At any age, but let me say something like this.
"When you do the Cagla exercise heavy and intense, there is free radical damage brought by that intense exercise.If you want to open a little bit, when you exercise very intensely, if you have to exercise without oxygen, you will stay.Then you produce free radical production, ie oxygen production free oxygen, or you go at 70 kilometers with a car similar to this.Less smoke comes out of exhaust.If you go at the same car at 270, smoke comes out of the exhaust.As the gensus increases the intensity of exercise, the toxic substance you produce with the exercise is the substance that needs to be cleaned?"
"Intensive exercise in the exercise before the exercise of vitamin C additional lesson before the vitamin dormitory dormitory, ie a little antioxidant strength by increasing the minus that we have always found the advice we have always found now I am 44 years old.Keep making more damage to the more damage, most damages, as well as exercise.Do that, and I know your tests.I hope you have my teacher, can the lessons indicate problems?Any a very good problem will definitely be.There are 2 symptoms.In fact, let's take it out, one of them recently lion, while listening to a patient with other health problems came to the agenda very long for a long time that has been going on for a long time unknown repeated fire beds 3"
"It takes 5 days and asks.
"Then he comes again.
"Not too high.
"There is no tremor for cold, but the fever is increasing or for a long time, such a single individual will lose weight 200 grams of 100 grams of 100 grams and for a long time.You have night sweating and itching.This may be a sign of a possible lymphoma."
"So can it be a cancer sign?Chronic itching needs to be careful for him.Especially in terms of lymphoma to be careful in terms of itching night sweats weight loss and technical fire in the evening, rising in the evening and disappeared during the day, see a doctor who is awake.A problem to see if hemorrhoids cause too much weight.Because it increases the intra -abdominal pressure, it makes it difficult for me to return to the lower side, such as side pregnancy, as the most in women hemorrhoid pain when?Everything that increases intra -abdominal pressure, most of the hemorrhoid problem, most of the obese, is constipated, caught capture, causing, henna hemorrhoid profile, so a day of eating an orange eats our vitamin D vitamin D"
"I'm guessing an average of 30 %.
"You can easily meet, but I want to say that you get as much vitamin C as you need.
"Vitamin C 75 milligrams per day is the amount of vitamin C required to avoid being sick.
"But if you say that I will have a strong immunity firm structure, there is also 200-300 area with the spinach.
"So all vegetables have tomatoes.
"Potatoes also have potatoes a serious source of vitamin C, so you can earn potatoes from different sources.
"Vitamin C I would like to offer much, but if we get thirty percent with one, can you squeeze 4 oranges and meet with a glass of orange juice?Why orange, for example?"
"Salad make boiled vegetables boiled vegetables elders again mix into the expense water, but here is important.Well, when you always eat oranges right now, we only benefit from the miracles in the orange with vitamins, but when you wear spinach, you earn additional folic acid.Less orange.When you eat spinach, you win this station.You earn Alfa-Lipiik.Orange orange is also in the casper religion.Eating spinach is for him to eat three articles of our constitution.Neither a little nor a variety or the same foods always rise these are very important and balanced nutrition of protein oil carbohydrate sedan to come to the use of antibiotics at that time.There is no problem, there is no information that it is particularly good, but you asked it or something recently"
"I came across a very funny question.Pomegranate seed was harmful.
"My teacher said a patient, so I laugh where this social media is sometimes surprised.
So I'm afraid even when squeezing them, so that you do not pass into the water in the seeds, leave them to leave the nucleus and squeeze the real benefit from the pomegranate biller pomegranate tonight pomegranate for example, for example, half a liter of water 2 3 tea tablespoons of vinegar in the place then put in the conquest and rinse thoroughly rinse and rinse thoroughly.There is no problem with pomegranate shell.Because there is an extraordinary miracle in his shell.Most of the substances that give me the taste of kefre are very important, but there is a substance we want in the nucleus of pomegranate."
"5 In such a valuable omega occasion pomegranate food with the pomegranate seed with the eating together to squeeze friend brother now a very intestinal gluten a kind of brush truck in intestinal villus brushes in the form of abundant fluid loss causes.Even if you don't have celiac patients, your intestinal wall is overly in excessive sizes this year, recurrent diarrhea gas bloating in those people, and with it natural joint pain, fatigue muscle pain and respect.Animal food is a lot of consuming a lot of cascade hit unnecessarily hit"
"Protein bombardment means consuming excessive animal nutrients means keeping the kidneys under protein load.What did you just say?One of the 3 articles of 3 of the nutritional constitution has taken the balance a day.If you make fat and protein bombs as in the ketogenic diet that some often brings to the agenda of some of the amount of protein, if you make fat and protein bombs, there will be smoke in the baby.Your body turns into the acid pool in our bones.I know this aside from the blockage of the veins.Let's say the question of the day to maintain the protein carbohydrate balance at that time, that is, as much as vegetable carbohydrates, ie cereal carbohydrates."
"If it is finished, it is very wise to win from carbohydrates in a very wise business in a business gaining a richest diversity when the pulses came special when the age of the age of us, most of us, most of the ladies, I know that most of them are over 40.When you find them 40-50, let's talk about your life next weekend.Look more in your life, look at me when I put the other, I know what the sign of what signs of what is very important in many people I see every day.When some of them eats the bottom of them, I call me the ice cream cone body like this very dangerous lower hip like this very dangerous lower hip does not oil in the leg does not have oil in the belly of fat accumulates towards the arms."
"Inflammation -generating disease is the weight that produces weight and the bottom side of the thin woman is so large genetics we are very boring.We call it wearable weight.Rights of these wearable weights rather than metabolic problems rather than mechanical problem or do not have blood pressure patients do not change the name of the rise of sugars, but they decay the muscle joints.The knee joints are ruined and why the rash between the leg is narrow between the legs, so that the lower weight disrupts the quality of life at the bottom does not shorten the life expectancy of life easily easily, but the weight around the belly disrupts the quality of life both for mechanical reasons and shortening the life of the metabolic causes"
"If not both, of course, of course, we solve very, very, very, very, very, very, very, together.
"Of course it is very easy.Because 3 of those diapers are extraordinary Uğur Bey that 90 %of those who have more weight have Cagla insulin resistance.When you teach how to manage insulin resistance, it becomes permanently when you value that person.I entered 19 pounds more than this clan existing 91.When I received the relevant training in the name of the doctor cenk human and you already know from him in Turkey, who is one of the first day?In fact, some nourishes me that you cool me from insulin, so you always reach it, but this is the insulin on this side, take care of the above weight, take the right fuel, no fuel + 2 simple principle fuel right alveo close to the same day, my brother to the diesel car to the gasoline cardiesel"
"The garage does not notice the car while the tribe is full of fuel tank.Do the event during the day, but the lower side is a lot of effort, I throw it with the age, rather than feeding excel as much as possible to increase the amount of muscle there and increase the amount of fat if you do not do it after a while the lip edema we call the lent edema we call the elephant foot is going towards the problem.Now there are other things that can be done to your home, in fact, this Cigdem is slowly going to more scientific treatments in the east.Let's talk about them one day.In other words, this bariatric surgery is gradually moving away from the diet exercise.There are almost weekly needles that replaced it.Put as effective as the surgery, let's talk to the other week in the night"
"How useful is it to consume artichoke leaves of liver patients who have come to the question, teacher?Let's say it would be a little more useful to everyone.In the heart of the artichoke, the problem in the heart of the problem is good more synergy.So we know that the name of the liver friendly miracle in the artichoke is the nerve, but let's not think that this miracle is as beautiful as we think.So on the one hand he said by consuming chord.Ending seeds larynxI have not died of 14 goods every week.I eat the vast sugar as soon as I can not enter the sphere of the liver of the liver of the most powerful vast I need to do it.I love the questions about very good smile.Çağla I definitely not to be lubricated once every day"
"This is a plan that has held for 25 days, so we will open 10,000 to live 7500 well to understand 5,000 summer to avoid getting wet cakes after us.Okay then the herd is important for 30 minutes, minimum 45 minutes average 1 hour very good and a half hours do not need to exceed.Your knees will be miserable.Your two steps are important, so the shopping mall walking work, but the fat burning insulin case is not absorbed.Insulin is not spent.The name of the sugar does not improve.With the march of the shopping center, your cardiovascular performance step will not go below 100 in 126 minutes, and if you keep it around 140, it is very useful if it is broken from time to time.The power will change the tempo as much as possible, but the picture is not always on the straight road.You will make a slope every once in a while, you will make a staircase once in a while, so"
"You will lose the muscle groups to work for a minute or two more.In other words, most of the problems related to our lives are psychological, that is, how did you meet the more important diseases of the events that we meet?It can be important in India.Only by strengthening his spiritual life, Treatment Yüksel's oncology surgery is much more seriously helpful many cancer air, even very simple cancers, even by making great troubles, I saw very unstable people who are very unstable people faced very big problems.This is the second one often reminds you and those who want us.The body is the water of this dough and the spirit of this dough and"
"When you missed the dose when you didn't use them, I both got sick of you.But in the world we live, we need to know that the diseases are psycho somatic, our teacher answered the question of our dear Evrim Akın.He told him he used an eye.He warned no weight on any board.In schools, masks can now take a lot of compulsory.We know that the mother -in -law comes from children.He said it was spreading from there.Cholesterol rights talked about plaque.Cholesterol pills save lives.If any, we talked about the precise pills on their side effects.After the age of 50, I will bring health to fasting.I underlined once again, and finally diabetes can cause serious problems in the eyes."
"Warned.
"Thank you for your mouth, thank you yes, are you new?
"We're slowly coming to the end.I put a little shallots into the potatoes in the thin spread in the thin spicy turmeric cumin black pepper dust red pepper here you will love children very much we love us.Merve ate it all, so the rest here is, but it's really crispy.It is very nice and is cooked in very little oil.In addition, we really made a potato soup in the composition in both onions and leeks we wanted to use very little material I wanted to use the economic right health to the hands of good health methods."
"Professor Doctor Osman Müftüoğlu thank you very much.I hope that after the age of women and women as much as possible plant -based diets as much as possible, as much as possible vegetable fruit nuts complaints seeds nuclei -earrings should be eaten mainly in the new research was shown clearly and clearly that even in the treatment of osteoporosis, especially in the treatment of yogurt, especially in the treatment of cheeseIf you are looking for a more valuable source of calcium, eat thick leafy vegetables or try to consume oil seeds again, the vegetable origin iron erez is as valuable as an animal origin, so we will talk especially after the old age, but especially women are possible in menopause."
"To protect their hearts to protect the plant -based diet should give weight to the beloved.
